,Year,Airport,FlightsA-Domestic,PaxA-Domestic,CargoA-Domestic,FlightsD-Domestic,PaxD-Domestic,CargoD-Domestic,FlightsA-international,PaxA-international,CargoA-international,FlightsD-international,PaxD-international,CargoD-international,Flights,Pax,Cargo
0,2010,ABT,"  1,179 ","  112,685 ",  51 ,"  1,179 ","  118,292 ",  9 ,,,,  1 ,  7 ,  -   ,"  2,359 ","  230,984 ",  60 
1,2010,AHB,"  6,234 ","  692,309 ","  2,264 ","  6,191 ","  705,831 ",  924 ,  250 ,"  20,655 ",  13 ,  241 ,"  18,452 ",  9 ,"  12,916 ","  1,437,247 ","  3,210 "
2,2010,AJF,"  1,771 ","  136,865 ",  534 ,"  1,764 ","  141,194 ",  56 ,  1 ,  -   ,  -   ,,,,"  3,536 ","  278,059 ",  590 
3,2010,AQI,  543 ,"  30,006 ",  32 ,  542 ,"  28,674 ",  64 ,,,,  1 ,  -   ,  -   ,"  1,086 ","  58,680 ",  96 
4,2010,BHH,"  1,387 ","  115,415 ",  55 ,"  1,386 ","  122,263 ",  15 ,,,,,,,"  2,773 ","  237,678 ",  70 
5,2010,DMM,"  10,574 ","  1,111,447 ","  7,780 ","  10,611 ","  1,093,376 ","  3,852 ","  12,241 ","  1,204,119 ","  47,936 ","  12,155 ","  1,170,321 ","  16,836 ","  45,581 ","  4,579,263 ","  76,405 "
6,2010,DWD,  185 ,"  5,913 ",  3 ,  185 ,"  6,191 ",  1 ,,,,,,,  370 ,"  12,104 ",  3 
7,2010,EAM,"  3,197 ","  205,444 ",  521 ,"  3,192 ","  210,403 ",  131 ,,,,,,,"  6,389 ","  415,847 ",  652 
8,2010,EJH,  533 ,"  23,391 ",  9 ,  527 ,"  27,483 ",  8 ,,,,  7 ,  -   ,  -   ,"  1,067 ","  50,874 ",  17 
9,2010,ELQ,"  2,060 ","  174,778 ",  574 ,"  2,064 ","  177,947 ",  441 ,  188 ,"  29,442 ",  -   ,  191 ,"  26,864 ",  -   ,"  4,503 ","  409,031 ","  1,014 "
10,2010,GIZ,"  4,210 ","  441,897 ","  1,367 ","  4,186 ","  459,265 ","  1,449 ",  1 ,  -   ,  -   ,,,,"  8,397 ","  901,162 ","  2,817 "
11,2010,HAS,"  2,163 ","  142,241 ","  1,150 ","  2,159 ","  148,815 ",  74 ,  3 ,  92 ,  -   ,  1 ,  -   ,  -   ,"  4,326 ","  291,148 ","  1,224 "
12,2010,HOF,  121 ,"  11,958 ",  4 ,  120 ,"  11,900 ",  1 ,,,,,,,  241 ,"  23,858 ",  4 
13,2010,JED,"  25,242 ","  3,160,789 ","  20,748 ","  24,438 ","  3,081,098 ","  24,544 ","  45,083 ","  5,228,093 ","  126,177 ","  45,076 ","  5,705,842 ","  59,040 ","  139,839 ","  17,175,822 ","  230,508 "
14,2010,MED,"  8,517 ","  653,114 ","  1,322 ","  9,715 ","  665,746 ",  915 ,"  7,050 ","  1,044,396 ",  898 ,"  5,767 ","  530,931 ",  825 ,"  31,049 ","  2,894,187 ","  3,960 "
15,2010,RAE,"  1,082 ","  77,912 ",  397 ,"  1,083 ","  82,238 ",  31 ,  2 ,  41 ,  -   ,,,,"  2,167 ","  160,191 ",  428 
16,2010,RAH,  400 ,"  11,904 ",  14 ,  397 ,"  13,209 ",  10 ,,,,,,,  797 ,"  25,113 ",  24 
17,2010,RUH,"  30,512 ","  3,520,112 ","  18,472 ","  30,096 ","  3,364,229 ","  25,137 ","  24,985 ","  3,428,107 ","  130,241 ","  24,847 ","  3,241,259 ","  58,993 ","  110,440 ","  13,553,707 ","  232,843 "
18,2010,SHW,  942 ,"  47,233 ",  45 ,  941 ,"  48,420 ",  7 ,,,,,,,"  1,883 ","  95,653 ",  52 
19,2010,TIF,"  2,346 ","  174,749 ",  206 ,"  2,337 ","  173,281 ",  362 ,  1 ,  -   ,  -   ,  1 ,  -   ,  -   ,"  4,685 ","  348,030 ",  568 
20,2010,TUI,  589 ,"  27,346 ",  94 ,  589 ,"  30,399 ",  13 ,  1 ,  -   ,  -   ,,,,"  1,179 ","  57,745 ",  106 
21,2010,TUU,"  3,962 ","  340,662 ","  1,786 ","  3,959 ","  344,297 ",  713 ,  4 ,  744 ,  -   ,  2 ,  4 ,  -   ,"  7,927 ","  685,707 ","  2,499 "
22,2010,URY,  621 ,"  52,147 ",  258 ,  619 ,"  53,448 ",  20 ,,,,,,,"  1,240 ","  105,595 ",  278 
23,2010,WAE,  486 ,"  27,798 ",  6 ,  486 ,"  30,504 ",  3 ,,,,,,,  972 ,"  58,302 ",  9 
24,2010,YNB,"  1,456 ","  91,722 ",  176 ,"  1,459 ","  95,882 ",  16 ,  419 ,"  63,184 ",  -   ,  420 ,"  56,588 ",  -   ,"  3,754 ","  307,376 ",  192 
25,2011,ABT,"  1,265 ","  130,273 ",61.35,"  1,274 ","  138,061 ",26.19,,,,,,,"  2,539 ","  268,334 ",87.54
26,2011,AHB,"  7,222 ","  836,919 ",2244.4,"  7,190 ","  855,134 ",1388.45,  662 ,"  54,821 ",24.5,  649 ,"  55,488 ",13.87,"  15,723 ","  1,802,362 ",3671.23
27,2011,AJF,"  1,741 ","  149,643 ",563.69,"  1,731 ","  153,256 ",58.45,,,,,,,"  3,472 ","  302,899 ",622.14
28,2011,AQI,  636 ,"  35,861 ",23.43,  635 ,"  38,619 ",62.97,,,,,,,"  1,271 ","  74,480 ",86.4
29,2011,BHH,"  1,492 ","  134,672 ",64.6,"  1,491 ","  140,082 ",12.77,,,,,,,"  2,983 ","  274,754 ",77.36
30,2011,DMM,"  10,976 ","  1,174,453 ",7684.83,"  10,998 ","  1,164,244 ",2813.46,"  14,510 ","  1,512,760 ",51983.22,"  14,448 ","  1,456,986 ",18202.61,"  50,932 ","  5,308,443 ",80684.11
31,2011,DWD,  194 ,"  7,119 ",1.88,  193 ,"  7,592 ",0.75,,,,,,,  387 ,"  14,711 ",2.63
32,2011,EAM,"  2,823 ","  239,420 ",527.53,"  2,816 ","  241,984 ",134.98,  1 ,  -   ,0.0,,,,"  5,640 ","  481,404 ",662.51
33,2011,EJH,  492 ,"  23,743 ",13.19,  493 ,"  27,525 ",5.3,,,,,,,  985 ,"  51,268 ",18.49
34,2011,ELQ,"  2,068 ","  196,091 ",636.97,"  2,069 ","  200,422 ",503.38,  873 ,"  101,205 ",0.0,  878 ,"  94,663 ",0.0,"  5,888 ","  592,381 ",1140.34
35,2011,GIZ,"  4,040 ","  451,254 ",1461.15,"  4,029 ","  466,645 ",1797.77,  1 ,  -   ,0.0,,,,"  8,070 ","  917,899 ",3258.92
36,2011,HAS,"  1,974 ","  161,934 ",1191.39,"  1,972 ","  170,901 ",84.99,,,,,,,"  3,946 ","  332,835 ",1276.37
37,2011,HOF,  119 ,"  12,826 ",2.05,  118 ,"  12,507 ",5.0,,,,  1 ,  -   ,0.0,  238 ,"  25,333 ",7.05
38,2011,JED,"  26,143 ","  3,455,917 ",20973.03,"  25,796 ","  3,376,883 ",20986.01,"  50,366 ","  5,894,360 ",154012.87,"  50,506 ","  6,443,031 ",71750.47,"  152,811 ","  19,170,191 ",267722.38
39,2011,MED,8352,687773,1185.5,9765,728411,987.5,8216,1135071,1127.0,6555,704193,931.5,"  32,888 ","  3,255,448 ",4231.5
40,2011,RAE,"  1,093 ","  88,032 ",409.72,"  1,092 ","  92,296 ",30.06,  1 ,  -   ,0.0,  1 ,  -   ,0.0,"  2,187 ","  180,328 ",439.79
41,2011,RAH,  502 ,"  17,293 ",18.05,  504 ,"  19,852 ",9.77,,,,,,,"  1,006 ","  37,145 ",27.82
42,2011,RUH,"  30,896 ","  3,807,331 ",16445.43,"  30,489 ","  3,646,701 ",26440.24,"  27,757 ","  3,787,567 ",151294.35,"  27,521 ","  3,659,775 ",68961.57,"  116,663 ","  14,901,374 ",263141.59
43,2011,SHW,  902 ,"  45,108 ",47.05,  902 ,"  49,308 ",7.51,,,,,,,"  1,804 ","  94,416 ",54.57
44,2011,TIF,"  2,280 ","  213,278 ",189.54,"  2,273 ","  218,405 ",308.89,  390 ,"  50,178 ",0.0,  390 ,"  46,313 ",0.0,"  5,333 ","  528,174 ",498.42
45,2011,TUI,  545 ,"  22,259 ",22.51,  543 ,"  23,825 ",8.85,,,,,,,"  1,088 ","  46,084 ",31.36
46,2011,TUU,"  3,773 ","  373,243 ",1744.69,"  3,772 ","  383,653 ",453.8,  151 ,"  18,568 ",0.0,  153 ,"  18,130 ",0.0,"  7,849 ","  793,594 ",2198.49
47,2011,ULH,  19 ,  585 ,0.0,  19 ,  442 ,2.36,,,,,,,  38 ,"  1,027 ",2.36
48,2011,URY,  819 ,"  70,258 ",316.76,  819 ,"  75,949 ",23.4,,,,,,,"  1,638 ","  146,207 ",340.16
49,2011,WAE,  554 ,"  33,008 ",5.82,  554 ,"  35,548 ",6.68,,,,,,,"  1,108 ","  68,556 ",12.5
50,2011,YNB,"  1,463 ","  102,508 ",203.17,"  1,464 ","  106,808 ",8.65,  638 ,"  68,056 ",0.0,  638 ,"  58,926 ",0.0,"  4,203 ","  336,298 ",211.81
51,2012,ABT,"  1,491 ","  160,031 ",87.57,"  1,493 ","  167,543 ",25.63,,,,,,,"  2,984 ","  327,574 ",113.19
52,2012,AHB,"  8,220 ","  968,612 ",2693.14,"  8,168 ","  989,946 ",1547.87,  917 ,"  84,091 ",59.88,  917 ,"  92,350 ",23.35,"  18,222 ","  2,134,999 ",4324.24
53,2012,AJF,"  1,776 ","  153,950 ",563.35,"  1,774 ","  157,501 ",59.25,,,,,,,"  3,550 ","  311,451 ",622.6
54,2012,AQI,  937 ,"  53,837 ",25.84,  936 ,"  57,891 ",74.29,,,,,,,"  1,873 ","  111,728 ",100.13
55,2012,BHH,"  1,667 ","  165,556 ",104.84,"  1,665 ","  170,752 ",15.68,,,,,,,"  3,332 ","  336,308 ",120.53
56,2012,DMM,"  12,088 ","  1,363,547 ",7243.99,"  12,041 ","  1,363,242 ",3188.3,"  16,063 ","  1,573,788 ",40018.29,"  15,949 ","  1,834,952 ",17985.96,"  56,141 ","  6,135,529 ",68436.55
57,2012,DWD,  216 ,"  9,276 ",2.2,  216 ,"  9,959 ",2.39,,,,,,,  432 ,"  19,235 ",4.59
58,2012,EAM,"  2,829 ","  272,231 ",476.91,"  2,824 ","  273,957 ",128.36,,,,,,,"  5,653 ","  546,188 ",605.26
59,2012,EJH,  321 ,"  16,675 ",9.56,  319 ,"  18,386 ",5.91,,,,  2 ,  -   ,0.0,  642 ,"  35,061 ",15.47
60,2012,ELQ,"  2,464 ","  232,773 ",654.37,"  2,455 ","  240,526 ",406.85,"  1,226 ","  128,676 ",0.0,"  1,232 ","  148,996 ",0.0,"  7,377 ","  750,971 ",1061.22
61,2012,GIZ,"  4,386 ","  576,902 ",989.09,"  4,364 ","  617,117 ",1624.29,,,,  6 ,  990 ,0.0,"  8,756 ","  1,195,009 ",2613.39
62,2012,HAS,"  2,075 ","  229,127 ",1061.39,"  2,075 ","  237,209 ",113.67,  124 ,"  13,930 ",0.0,  121 ,"  14,528 ",0.0,"  4,395 ","  494,794 ",1175.06
63,2012,HOF,  128 ,"  13,587 ",1.23,  128 ,"  14,775 ",1.22,,,,,,,  256 ,"  28,362 ",2.45
64,2012,JED,"  29,449 ","  3,827,512 ",17695.13,"  28,571 ","  3,972,258 ",20620.12,"  52,524 ","  5,058,910 ",118425.41,"  52,526 ","  7,578,896 ",70897.57,"  163,070 ","  20,437,576 ",227638.23
65,2012,MED,8801,805487,1236.9,10374,833822,1221.0,8306,1262359,1311.2,6574,920447,1103.2,"  34,055 ","  3,822,115 ",4872.3
66,2012,RAE,  998 ,"  94,248 ",361.82,"  1,001 ","  97,254 ",26.32,,,,  2 ,  69 ,4.58,"  2,001 ","  191,571 ",392.72
67,2012,RAH,  362 ,"  20,482 ",23.21,  362 ,"  22,573 ",11.87,,,,,,,  724 ,"  43,055 ",35.07
68,2012,RUH,"  37,021 ","  4,558,949 ",18183.53,"  36,428 ","  4,391,651 ",22969.49,"  30,795 ","  3,926,242 ",143194.05,"  30,698 ","  4,148,670 ",80674.07,"  134,942 ","  17,025,512 ",265021.14
69,2012,SHW,  732 ,"  50,339 ",64.73,  732 ,"  50,151 ",10.18,,,,,,,"  1,464 ","  100,490 ",74.91
70,2012,TIF,"  1,867 ","  217,257 ",243.55,"  1,872 ","  221,303 ",254.3,"  1,068 ","  97,225 ",0.0,"  1,066 ","  125,385 ",0.0,"  5,873 ","  661,170 ",497.85
71,2012,TUI,  366 ,"  19,130 ",6.54,  366 ,"  20,385 ",5.47,,,,,,,  732 ,"  39,515 ",12.01
72,2012,TUU,"  3,701 ","  447,927 ",1638.8,"  3,712 ","  454,388 ",519.19,  336 ,"  35,107 ",0.0,  335 ,"  40,023 ",0.0,"  8,084 ","  977,445 ",2158.0
73,2012,ULH,  107 ,"  4,231 ",3.66,  107 ,"  4,379 ",1.79,,,,,,,  214 ,"  8,610 ",5.45
74,2012,URY,  833 ,"  79,984 ",298.79,  834 ,"  84,940 ",21.05,,,,,,,"  1,667 ","  164,924 ",319.84
75,2012,WAE,  815 ,"  46,345 ",6.2,  814 ,"  49,748 ",2.11,,,,,,,"  1,629 ","  96,093 ",8.32
76,2012,YNB,"  1,515 ","  116,540 ",212.78,"  1,517 ","  120,993 ",12.95,"  1,400 ","  143,334 ",0.0,"  1,405 ","  173,507 ",0.0,"  5,837 ","  554,374 ",225.73
77,2013,ABT,"  1,413.0 ","  160,205.0 ",  91.8 ,"  1,416.0 ","  167,931.0 ",  38.4 ,,,,,,,"  2,829.0 ","  328,136.0 ",  130.2 
78,2013,AHB,"  8,578.0 ","  1,002,469.0 ","  2,635.3 ","  8,450.0 ","  1,050,988.0 ","  1,172.9 ","  1,371.0 ","  107,721.0 ",  24.9 ,"  1,389.0 ","  131,216.0 ",  6.8 ,"  19,788.0 ","  2,292,394.0 ","  3,839.9 "
79,2013,AJF,"  1,723.0 ","  159,226.0 ",  582.8 ,"  1,723.0 ","  164,169.0 ",  56.1 ,,,,,,,"  3,446.0 ","  323,395.0 ",  638.9 
80,2013,AQI,"  1,077.0 ","  62,620.0 ",  35.8 ,"  1,079.0 ","  66,867.0 ",  82.5 ,,,,,,,"  2,156.0 ","  129,487.0 ",  118.3 
81,2013,BHH,"  1,765.0 ","  179,506.0 ",  105.3 ,"  1,760.0 ","  183,801.0 ",  18.7 ,,,,,,,"  3,525.0 ","  363,307.0 ",  124.0 
82,2013,DMM,"  13,450.0 ","  1,532,397.0 ","  5,497.4 ","  13,228.0 ","  1,498,327.0 ","  4,262.0 ","  17,107.0 ","  1,858,535.0 ","  48,535.9 ","  17,100.0 ","  1,983,093.0 ","  23,630.3 ","  60,885.0 ","  6,872,352.0 ","  81,925.6 "
83,2013,DWD,  210.0 ,"  10,545.0 ",  7.3 ,  210.0 ,"  10,829.0 ",  0.7 ,,,,,,,  420.0 ,"  21,374.0 ",  8.1 
84,2013,EAM,"  2,924.0 ","  287,418.0 ",  386.0 ,"  2,920.0 ","  290,867.0 ",  141.6 ,  5.0 ,  23.0 ,  -   ,  6.0 ,  42.0 ,  -   ,"  5,855.0 ","  578,350.0 ",  527.6 
85,2013,EJH,  346.0 ,"  17,157.0 ",  13.3 ,  346.0 ,"  18,250.0 ",  8.0 ,,,,,,,  692.0 ,"  35,407.0 ",  21.3 
86,2013,ELQ,"  2,441.0 ","  240,647.0 ",  533.2 ,"  2,442.0 ","  250,544.0 ",  376.0 ,"  2,067.0 ","  156,645.0 ",  -   ,"  2,066.0 ","  252,764.0 ",  -   ,"  9,016.0 ","  900,600.0 ",  909.2 
87,2013,GIZ,"  4,457.0 ","  571,529.0 ",  862.4 ,"  4,428.0 ","  659,345.0 ","  1,594.1 ",  1.0 ,  -   ,  -   ,  17.0 ,"  2,770.0 ",  -   ,"  8,903.0 ","  1,233,644.0 ","  2,456.5 "
88,2013,HAS,"  2,202.0 ","  250,547.0 ",  909.1 ,"  2,187.0 ","  259,568.0 ",  183.0 ,  298.0 ,"  20,909.0 ",  -   ,  309.0 ,"  30,117.0 ",  -   ,"  4,996.0 ","  561,141.0 ","  1,092.0 "
89,2013,HOF,  226.0 ,"  19,615.0 ",  1.7 ,  226.0 ,"  19,977.0 ",  1.0 ,  24.0 ,  -   ,  -   ,  24.0 ,"  2,059.0 ",  -   ,  500.0 ,"  41,651.0 ",  2.8 
90,2013,JED,"  30,427.0 ","  4,043,354.0 ","  18,222.6 ","  28,833.0 ","  4,018,884.0 ","  18,682.2 ","  49,168.0 ","  5,673,630.0 ","  107,822.6 ","  49,958.0 ","  7,185,243.0 ","  73,609.5 ","  158,386.0 ","  20,921,111.0 ","  218,336.9 "
91,2013,MED,"  9,007.0 ","  810,630.0 ","  1,043.5 ","  10,415.0 ","  857,337.0 ","  1,143.6 ","  8,389.0 ","  1,106,371.0 ","  1,237.8 ","  7,113.0 ","  902,716.0 ","  1,253.1 ","  34,924.0 ","  3,677,054.0 ","  4,678.0 "
92,2013,RAE,"  1,049.0 ","  99,936.0 ",  334.3 ,"  1,049.0 ","  101,917.0 ",  25.3 ,,,,,,,"  2,098.0 ","  201,853.0 ",  359.6 
93,2013,RAH,  458.0 ,"  25,202.0 ",  23.6 ,  456.0 ,"  27,459.0 ",  5.4 ,,,,,,,  914.0 ,"  52,661.0 ",  29.1 
94,2013,RUH,"  37,782.0 ","  4,761,562.0 ","  16,668.6 ","  37,145.0 ","  4,573,903.0 ","  19,957.4 ","  32,548.0 ","  4,334,681.0 ","  108,245.5 ","  32,433.0 ","  4,629,905.0 ","  66,833.0 ","  139,908.0 ","  18,300,051.0 ","  211,704.5 "
95,2013,SHW,  728.0 ,"  57,881.0 ",  68.2 ,  729.0 ,"  56,985.0 ",  13.5 ,,,,,,,"  1,457.0 ","  114,866.0 ",  81.7 
96,2013,TIF,"  2,387.0 ","  264,309.0 ",  217.4 ,"  2,397.0 ","  288,218.0 ",  192.4 ,"  1,445.0 ","  106,945.0 ",  -   ,"  1,432.0 ","  164,164.0 ",  -   ,"  7,661.0 ","  823,636.0 ",  409.8 
97,2013,TUI,  365.0 ,"  19,656.0 ",  11.8 ,  366.0 ,"  21,196.0 ",  6.2 ,,,,,,,  731.0 ,"  40,852.0 ",  18.0 
98,2013,TUU,"  3,794.0 ","  450,036.0 ","  1,551.4 ","  3,798.0 ","  461,492.0 ",  479.5 ,  441.0 ,"  31,435.0 ",  -   ,  433.0 ,"  50,180.0 ",  -   ,"  8,466.0 ","  993,143.0 ","  2,030.9 "
99,2013,ULH,  107.0 ,"  4,541.0 ",  1.1 ,  106.0 ,"  4,598.0 ",  -   ,,,,,,,  213.0 ,"  9,139.0 ",  1.1 
100,2013,URY,  824.0 ,"  81,888.0 ",  293.5 ,  824.0 ,"  86,299.0 ",  20.7 ,,,,,,,"  1,648.0 ","  168,187.0 ",  314.1 
101,2013,WAE,  986.0 ,"  53,496.0 ",  8.3 ,  986.0 ,"  56,814.0 ",  1.7 ,,,,,,,"  1,972.0 ","  110,310.0 ",  10.0 
102,2013,YNB,"  1,754.0 ","  133,600.0 ",  149.0 ,"  1,751.0 ","  151,548.0 ",  9.7 ,"  1,747.0 ","  116,308.0 ",  -   ,"  1,752.0 ","  219,023.0 ",  -   ,"  7,004.0 ","  620,479.0 ",  158.7 
103,2014,ABT,"  1,483.0 ","  170,556.0 ",  72.2 ,"  1,483.0 ","  177,249.0 ",  35.3 ,,,,,,,"  2,966.0 ","  347,805.0 ",  107.6 
104,2014,AHB,"  9,437.0 ","  1,109,883.0 ","  2,436.9 ","  9,339.0 ","  1,145,549.0 ",  690.4 ,"  1,539.0 ","  129,609.0 ",  57.4 ,"  1,542.0 ","  182,951.0 ",  6.4 ,"  21,857.0 ","  2,567,992.0 ","  3,191.0 "
105,2014,AJF,"  1,724.0 ","  161,994.0 ",  526.5 ,"  1,723.0 ","  165,688.0 ",  55.9 ,  65.0 ,"  6,732.0 ",  -   ,  67.0 ,"  6,977.0 ",  -   ,"  3,579.0 ","  341,391.0 ",  582.5 
106,2014,AQI,"  1,089.0 ","  64,635.0 ",  50.7 ,"  1,090.0 ","  68,816.0 ",  87.4 ,,,,,,,"  2,179.0 ","  133,451.0 ",  138.1 
107,2014,BHH,"  1,820.0 ","  191,038.0 ",  114.2 ,"  1,820.0 ","  195,457.0 ",  17.5 ,,,,,,,"  3,640.0 ","  386,495.0 ",  131.7 
108,2014,DMM,"  15,009.0 ","  1,733,536.0 ","  5,022.2 ","  15,175.0 ","  1,768,501.0 ","  3,648.8 ","  18,442.0 ","  2,327,684.0 ","  33,874.9 ","  18,290.0 ","  2,212,398.0 ","  23,120.2 ","  66,916.0 ","  8,042,119.0 ","  65,666.0 "
109,2014,DWD,  208.0 ,"  11,037.0 ",  2.1 ,  207.0 ,"  11,085.0 ",  0.3 ,,,,,,,  415.0 ,"  22,122.0 ",  2.4 
110,2014,EAM,"  3,007.0 ","  303,585.0 ",  354.3 ,"  3,000.0 ","  302,887.0 ",  140.2 ,  38.0 ,  745.0 ,  -   ,  38.0 ,"  2,406.0 ",  -   ,"  6,083.0 ","  609,623.0 ",  494.6 
111,2014,EJH,  389.0 ,"  19,983.0 ",  10.3 ,  386.0 ,"  21,382.0 ",  7.0 ,,,,,,,  775.0 ,"  41,365.0 ",  17.3 
112,2014,ELQ,"  2,533.0 ","  261,485.0 ",  552.1 ,"  2,528.0 ","  270,034.0 ",  371.4 ,"  2,375.0 ","  175,410.0 ",  -   ,"  2,375.0 ","  296,173.0 ",  -   ,"  9,811.0 ","  1,003,102.0 ",  923.4 
113,2014,GIZ,"  5,657.0 ","  715,966.0 ",  917.1 ,"  5,636.0 ","  805,753.0 ","  1,814.4 ",,,,  5.0 ,  872.0 ,  -   ,"  11,298.0 ","  1,522,591.0 ","  2,731.5 "
114,2014,HAS,"  2,499.0 ","  296,032.0 ",  865.0 ,"  2,500.0 ","  305,263.0 ",  278.8 ,  421.0 ,"  39,396.0 ",  -   ,  423.0 ,"  51,718.0 ",  -   ,"  5,843.0 ","  692,409.0 ","  1,143.8 "
115,2014,HOF,  271.0 ,"  21,738.0 ",  2.0 ,  270.0 ,"  24,195.0 ",  1.1 ,  346.0 ,"  7,381.0 ",  -   ,  349.0 ,"  34,165.0 ",  -   ,"  1,236.0 ","  87,479.0 ",  3.1 
116,2014,JED,"  32,886.0 ","  4,392,926.0 ","  12,867.6 ","  30,755.0 ","  4,374,638.0 ","  15,089.3 ","  54,766.0 ","  7,223,143.0 ","  104,587.6 ","  56,354.0 ","  8,467,606.0 ","  76,393.5 ","  174,761.0 ","  24,458,313.0 ","  208,938.0 "
117,2014,MED,"  9,529.0 ","  877,185.0 ",  958.0 ,"  12,048.0 ","  1,051,324.0 ","  1,042.5 ","  10,929.0 ","  1,336,931.0 ","  1,100.8 ","  9,244.0 ","  1,055,893.0 ",  928.9 ,"  41,750.0 ","  4,321,333.0 ","  4,030.2 "
118,2014,RAE,"  1,052.0 ","  104,262.0 ",  319.8 ,"  1,053.0 ","  107,087.0 ",  22.7 ,,,,,,,"  2,105.0 ","  211,349.0 ",  342.4 
119,2014,RAH,  468.0 ,"  27,395.0 ",  28.9 ,  469.0 ,"  29,178.0 ",  4.4 ,,,,,,,  937.0 ,"  56,573.0 ",  33.3 
120,2014,RUH,"  40,901.0 ","  5,311,781.0 ","  13,725.8 ","  40,688.0 ","  5,169,502.0 ","  15,494.6 ","  31,998.0 ","  4,987,023.0 ","  81,094.0 ","  31,791.0 ","  4,883,999.0 ","  50,887.3 ","  145,378.0 ","  20,352,305.0 ","  161,201.7 "
121,2014,SHW,  729.0 ,"  64,425.0 ",  75.6 ,  729.0 ,"  63,578.0 ",  12.6 ,,,,,,,"  1,458.0 ","  128,003.0 ",  88.1 
122,2014,TIF,"  2,366.0 ","  268,709.0 ",  192.6 ,"  2,368.0 ","  290,856.0 ",  135.8 ,"  1,760.0 ","  138,049.0 ",  -   ,"  1,757.0 ","  222,916.0 ",  -   ,"  8,251.0 ","  920,530.0 ",  328.4 
123,2014,TUI,  365.0 ,"  20,455.0 ",  12.5 ,  365.0 ,"  21,730.0 ",  5.6 ,,,,,,,  730.0 ,"  42,185.0 ",  18.1 
124,2014,TUU,"  4,221.0 ","  495,585.0 ","  1,497.1 ","  4,233.0 ","  505,000.0 ",  444.7 ,  501.0 ,"  35,257.0 ",  -   ,  496.0 ,"  54,324.0 ",  -   ,"  9,451.0 ","  1,090,166.0 ","  1,941.8 "
125,2014,ULH,  200.0 ,"  7,195.0 ",  0.4 ,  200.0 ,"  6,943.0 ",  0.4 ,,,,,,,  400.0 ,"  14,138.0 ",  0.8 
126,2014,URY,  936.0 ,"  93,363.0 ",  274.1 ,  939.0 ,"  97,182.0 ",  26.5 ,,,,,,,"  1,875.0 ","  190,545.0 ",  300.6 
127,2014,WAE,  983.0 ,"  51,670.0 ",  7.9 ,  984.0 ,"  57,595.0 ",  1.9 ,,,,,,,"  1,967.0 ","  109,265.0 ",  9.7 
128,2014,YNB,"  1,911.0 ","  148,041.0 ",  131.0 ,"  1,913.0 ","  174,668.0 ",  9.4 ,"  1,660.0 ","  117,624.0 ",  -   ,"  1,661.0 ","  226,305.0 ",  -   ,"  7,145.0 ","  666,638.0 ",  140.4 
129,2015,ABT,"  1,567.0 ","  185,973.0 ",  71.5 ,"  1,566.0 ","  189,543.0 ",  30.5 ,,,,,,,"  3,133.0 ","  375,516.0 ",  102.0 
130,2015,AHB,"  11,339.0 ","  1,333,489.0 ","  2,295.6 ","  11,360.0 ","  1,340,516.0 ",  663.3 ,"  1,727.0 ","  214,063.0 ",  16.6 ,"  1,725.0 ","  203,808.0 ",  5.8 ,"  26,151.0 ","  3,091,876.0 ","  2,981.3 "
131,2015,AJF,"  1,761.0 ","  181,603.0 ",  501.9 ,"  1,754.0 ","  179,923.0 ",  64.1 ,  442.0 ,"  40,095.0 ",  -   ,  455.0 ,"  42,803.0 ",  -   ,"  4,412.0 ","  444,424.0 ",  566.0 
132,2015,AQI,"  1,079.0 ","  67,709.0 ",  24.2 ,"  1,079.0 ","  70,609.0 ",  65.7 ,,,,,,,"  2,158.0 ","  138,318.0 ",  89.9 
133,2015,BHH,"  1,790.0 ","  188,263.0 ",  102.3 ,"  1,789.0 ","  188,378.0 ",  20.9 ,,,,,,,"  3,579.0 ","  376,641.0 ",  123.2 
134,2015,DMM,"  16,593.0 ","  2,007,243.0 ","  8,781.3 ","  16,664.0 ","  2,050,397.0 ","  8,065.4 ","  19,478.0 ","  2,619,612.0 ","  44,646.4 ","  19,428.0 ","  2,469,605.0 ","  10,354.9 ","  72,163.0 ","  9,146,857.0 ","  71,848.0 "
135,2015,DWD,  207.0 ,"  11,601.0 ",  1.4 ,  207.0 ,"  11,867.0 ",  0.8 ,,,,,,,  414.0 ,"  23,468.0 ",  2.2 
136,2015,EAM,  878.0 ,"  105,840.0 ",  137.3 ,  877.0 ,"  106,008.0 ",  33.5 ,  63.0 ,"  7,272.0 ",  -   ,  63.0 ,"  6,916.0 ",  -   ,"  1,881.0 ","  226,036.0 ",  170.8 
137,2015,EJH,  433.0 ,"  23,606.0 ",  12.4 ,  433.0 ,"  24,774.0 ",  7.2 ,,,,,,,  866.0 ,"  48,380.0 ",  19.6 
138,2015,ELQ,"  2,877.0 ","  312,527.0 ",  384.3 ,"  2,897.0 ","  322,653.0 ",  457.5 ,"  3,612.0 ","  408,613.0 ",  1.1 ,"  3,618.0 ","  378,789.0 ",  3.1 ,"  13,004.0 ","  1,422,582.0 ",  846.0 
139,2015,GIZ,"  5,700.0 ","  795,073.0 ",  879.5 ,"  5,697.0 ","  807,209.0 ","  2,018.8 ",  442.0 ,"  34,347.0 ",  -   ,  444.0 ,"  37,366.0 ",  -   ,"  12,283.0 ","  1,673,995.0 ","  2,898.3 "
140,2015,HAS,"  2,785.0 ","  328,506.0 ",  829.5 ,"  2,803.0 ","  333,319.0 ",  280.8 ,  566.0 ,"  68,787.0 ",  -   ,  567.0 ,"  68,107.0 ",  -   ,"  6,721.0 ","  798,719.0 ","  1,110.3 "
141,2015,HOF,  294.0 ,"  24,710.0 ",  0.4 ,  292.0 ,"  27,820.0 ",  0.7 ,  649.0 ,"  47,487.0 ",  -   ,  650.0 ,"  49,123.0 ",  -   ,"  1,885.0 ","  149,140.0 ",  1.1 
142,2015,JED,"  40,352.0 ","  5,438,502.0 ","  22,224.6 ","  39,467.0 ","  5,551,293.0 ","  31,204.5 ","  58,065.0 ","  8,601,578.0 ","  141,940.0 ","  59,356.0 ","  8,955,543.0 ","  50,637.4 ","  197,240.0 ","  28,546,916.0 ","  246,006.5 "
143,2015,MED,"  10,587.0 ","  969,570.0 ",,"  12,103.0 ","  1,016,213.0 ",,"  13,926.0 ","  2,256,347.0 ",,"  12,415.0 ","  1,589,033.0 ",,"  49,031.0 ","  5,831,163.0 ",
144,2015,RAE,"  1,077.0 ","  113,866.0 ",  340.9 ,"  1,078.0 ","  116,217.0 ",  20.4 ,,,,,,,"  2,155.0 ","  230,083.0 ",  361.3 
145,2015,RAH,  591.0 ,"  34,315.0 ",  25.1 ,  591.0 ,"  36,081.0 ",  8.3 ,,,,,,,"  1,182.0 ","  70,396.0 ",  33.4 
146,2015,RUH,"  46,530.0 ","  6,187,761.0 ","  26,102.8 ","  46,781.0 ","  6,059,886.0 ","  19,526.4 ","  32,773.0 ","  5,375,852.0 ","  133,589.7 ","  32,558.0 ","  5,114,668.0 ","  39,483.9 ","  158,642.0 ","  22,738,167.0 ","  218,702.7 "
147,2015,SHW,  916.0 ,"  87,288.0 ",  97.3 ,  919.0 ,"  91,041.0 ",  17.7 ,,,,,,,"  1,835.0 ","  178,329.0 ",  115.0 
148,2015,TIF,"  2,588.0 ","  295,711.0 ",  193.1 ,"  2,593.0 ","  292,229.0 ",  192.5 ,"  2,292.0 ","  292,080.0 ",  18.1 ,"  2,324.0 ","  266,173.0 ",  -   ,"  9,797.0 ","  1,146,193.0 ",  403.8 
149,2015,TUI,  408.0 ,"  24,723.0 ",  24.3 ,  408.0 ,"  25,079.0 ",  6.1 ,,,,,,,  816.0 ,"  49,802.0 ",  30.4 
150,2015,TUU,"  4,772.0 ","  559,365.0 ","  1,330.2 ","  4,786.0 ","  567,242.0 ",  380.3 ,  969.0 ,"  92,651.0 ",  0.5 ,  961.0 ,"  88,621.0 ",  0.1 ,"  11,488.0 ","  1,307,879.0 ","  1,711.1 "
151,2015,ULH,  208.0 ,"  10,753.0 ",  0.2 ,  208.0 ,"  11,246.0 ",  0.3 ,,,,,,,  416.0 ,"  21,999.0 ",  0.5 
152,2015,URY,  932.0 ,"  102,246.0 ",  286.6 ,  932.0 ,"  104,537.0 ",  23.3 ,,,,,,,"  1,864.0 ","  206,783.0 ",  309.9 
153,2015,WAE,  934.0 ,"  52,073.0 ",  6.5 ,  934.0 ,"  59,389.0 ",  1.4 ,,,,,,,"  1,868.0 ","  111,462.0 ",  7.9 
154,2015,YNB,"  1,986.0 ","  177,916.0 ",  80.2 ,"  1,985.0 ","  186,126.0 ",  6.0 ,"  2,240.0 ","  292,397.0 ",  -   ,"  2,226.0 ","  263,511.0 ",  -   ,"  8,437.0 ","  919,950.0 ",  86.2 
155,2016,ABT,"  2,011.0 ","  200,848.0 ",  51.2 ,"  2,011.0 ","  203,191.0 ",  47.2 ,  2.0 ,  -   ,  -   ,  3.0 ,  55.0 ,  -   ,"  4,027.0 ","  404,094.0 ",  98.4 
156,2016,AHB,"  13,178.0 ","  1,409,674.0 ","  2,045.6 ","  13,158.0 ","  1,401,298.0 ",  610.5 ,"  2,752.0 ","  287,364.0 ",  24.5 ,"  2,783.0 ","  286,597.0 ",  3.6 ,"  31,871.0 ","  3,384,933.0 ","  2,684.2 "
157,2016,AJF,"  2,144.0 ","  208,101.0 ",  375.5 ,"  2,147.0 ","  207,553.0 ",  67.3 ,  736.0 ,"  75,665.0 ",  -   ,  732.0 ,"  80,209.0 ",  -   ,"  5,759.0 ","  571,528.0 ",  442.8 
158,2016,AQI,"  1,204.0 ","  83,630.0 ",  32.8 ,"  1,202.0 ","  86,737.0 ",  67.5 ,  4.0 ,  -   ,  -   ,  4.0 ,  -   ,  -   ,"  2,414.0 ","  170,367.0 ",  100.3 
159,2016,BHH,"  1,893.0 ","  188,494.0 ",  101.8 ,"  1,890.0 ","  187,620.0 ",  22.1 ,  16.0 ,  36.0 ,  -   ,  17.0 ,  -   ,  -   ,"  3,816.0 ","  376,150.0 ",  123.9 
160,2016,DMM,"  24,100.0 ","  2,259,768.0 ","  8,266.3 ","  23,927.0 ","  2,261,833.0 ","  6,034.3 ","  21,083.0 ","  2,622,519.0 ","  60,299.7 ","  21,257.0 ","  2,567,214.0 ","  17,744.7 ","  90,367.0 ","  9,711,334.0 ","  92,345.0 "
161,2016,DWD,  218.0 ,"  11,296.0 ",  4.6 ,  218.0 ,"  11,675.0 ",  3.1 ,  1.0 ,  -   ,  -   ,  1.0 ,  -   ,  -   ,  438.0 ,"  22,971.0 ",  7.7 
162,2016,EAM,  61.0 ,  90.0 ,  -   ,  58.0 ,  175.0 ,  -   ,  29.0 ,  -   ,  -   ,  31.0 ,  -   ,  -   ,  179.0 ,  265.0 ,  -   
163,2016,EJH,  578.0 ,"  24,907.0 ",  6.2 ,  576.0 ,"  27,796.0 ",  6.9 ,  8.0 ,  9.0 ,  -   ,  9.0 ,  44.0 ,  -   ,"  1,171.0 ","  52,756.0 ",  13.1 
164,2016,ELQ,"  3,573.0 ","  350,596.0 ",  283.0 ,"  3,549.0 ","  350,200.0 ",  491.6 ,"  4,500.0 ","  482,462.0 ",  2.9 ,"  4,541.0 ","  482,036.0 ",  8.1 ,"  16,163.0 ","  1,665,294.0 ",  785.6 
165,2016,GIZ,"  7,137.0 ","  844,400.0 ",  752.8 ,"  7,130.0 ","  855,215.0 ","  1,745.2 ",  741.0 ,"  74,222.0 ",  -   ,  753.0 ,"  79,248.0 ",  -   ,"  15,761.0 ","  1,853,085.0 ","  2,498.0 "
166,2016,HAS,"  3,333.0 ","  333,348.0 ",  538.8 ,"  3,333.0 ","  334,620.0 ",  123.8 ,  680.0 ,"  80,113.0 ",  -   ,  676.0 ,"  78,207.0 ",  -   ,"  8,022.0 ","  826,288.0 ",  662.6 
167,2016,HOF,"  2,952.0 ","  59,170.0 ",  2.1 ,"  2,962.0 ","  140,498.0 ",  0.4 ,"  1,103.0 ","  63,468.0 ",  -   ,"  1,096.0 ","  70,703.0 ",  -   ,"  8,113.0 ","  333,839.0 ",  2.5 
168,2016,JED,"  48,391.0 ","  5,453,914.0 ","  14,523.9 ","  46,885.0 ","  5,453,705.0 ","  28,575.2 ","  64,941.0 ","  9,699,708.0 ","  166,484.5 ","  66,372.0 ","  10,567,939.0 ","  59,877.1 ","  226,589.0 ","  31,175,266.0 ","  269,460.7 "
169,2016, MED ,"  11,026.0 ","  1,027,566.0 ",,"  12,218.0 ","  1,080,965.0 ",,"  16,199.0 ","  2,576,960.0 ",,"  15,008.0 ","  1,887,296.0 ",,"  54,451.0 ","  6,572,787.0 ",
170,2016,RAE,"  1,313.0 ","  125,299.0 ",  231.4 ,"  1,312.0 ","  126,696.0 ",  23.3 ,,,,,,,"  2,625.0 ","  251,995.0 ",  254.7 
171,2016,RAH,  659.0 ,"  37,827.0 ",  20.3 ,  659.0 ,"  39,305.0 ",  8.9 ,,,,,,,"  1,318.0 ","  77,132.0 ",  29.2 
172,2016,RGB,,,,,,,  46.0 ,  67.0 ,  -   ,  46.0 ,  68.0 ,  -   ,  92.0 ,  135.0 ,  -   
173,2016,RUH,"  56,440.0 ","  6,302,138.0 ","  23,029.9 ","  57,182.0 ","  6,245,549.0 ","  13,140.6 ","  41,274.0 ","  5,700,271.0 ","  169,469.9 ","  40,511.0 ","  5,529,815.0 ","  46,662.3 ","  195,407.0 ","  23,777,773.0 ","  252,302.7 "
174,2016,SHW,"  1,196.0 ","  111,822.0 ",  84.2 ,"  1,193.0 ","  109,249.0 ",  18.6 ,  15.0 ,  -   ,  -   ,  18.0 ,  -   ,  -   ,"  2,422.0 ","  221,071.0 ",  102.8 
175,2016,TIF,"  3,043.0 ","  312,613.0 ",  241.9 ,"  3,038.0 ","  305,471.0 ",  157.3 ,"  3,151.0 ","  322,578.0 ",  -   ,"  3,168.0 ","  300,825.0 ",  -   ,"  12,400.0 ","  1,241,487.0 ",  399.2 
176,2016,TUI,  769.0 ,"  38,567.0 ",  24.4 ,  768.0 ,"  39,959.0 ",  6.1 ,,,,,,,"  1,537.0 ","  78,526.0 ",  30.5 
177,2016,TUU,"  5,193.0 ","  553,683.0 ",  962.5 ,"  5,189.0 ","  551,333.0 ",  255.2 ,"  1,095.0 ","  108,312.0 ",  0.6 ,"  1,097.0 ","  114,001.0 ",  -   ,"  12,574.0 ","  1,327,329.0 ","  1,218.3 "
178,2016,ULH,  260.0 ,"  11,136.0 ",  0.3 ,  261.0 ,"  11,808.0 ",  0.9 ,,,,  1.0 ,  -   ,,  522.0 ,"  22,944.0 ",  1.2 
179,2016,URY,  979.0 ,"  93,556.0 ",  221.4 ,"  1,014.0 ","  95,485.0 ",  18.7 ,,,,  1.0 ,  -   ,  -   ,"  1,994.0 ","  189,041.0 ",  240.1 
180,2016,WAE,  722.0 ,"  55,989.0 ",  4.3 ,  722.0 ,"  61,539.0 ",  2.2 ,,,,,,,"  1,444.0 ","  117,528.0 ",  6.5 
181,2016,YNB,"  2,392.0 ","  187,346.0 ",  48.0 ,"  2,394.0 ","  198,922.0 ",  3.8 ,"  2,707.0 ","  317,437.0 ",  -   ,"  2,706.0 ","  325,474.0 ",  -   ,"  10,199.0 ","  1,029,179.0 ",  51.8 
182,2017,ABT,"  2,422.0 ","  238,629.0 ",  13.1 ,"  2,418.0 ","  239,760.0 ",  16.4 ,,,,,,,"  4,840.0 ","  478,389.0 ",  29.5 
183,2017,AHB,"  15,017.0 ","  1,633,153.0 ",  707.5 ,"  14,975.0 ","  1,640,691.0 ",  240.6 ,"  2,425.0 ","  269,715.0 ",  13.2 ,"  2,391.0 ","  273,543.0 ",  3.6 ,"  34,808.0 ","  3,817,102.0 ",  964.9 
184,2017,AJF,"  2,456.0 ","  234,527.0 ",  139.1 ,"  2,434.0 ","  233,532.0 ",  36.0 ,  632.0 ,"  63,994.0 ",  -   ,  633.0 ,"  74,180.0 ",  -   ,"  6,155.0 ","  606,233.0 ",  175.1 
185,2017,AQI,"  1,566.0 ","  128,772.0 ",  367.1 ,"  1,563.0 ","  132,615.0 ",  449.4 ,  7.0 ,  -   ,  89.6 ,  9.0 ,  -   ,  30.0 ,"  3,145.0 ","  261,387.0 ",  936.1 
186,2017,BHH,"  1,987.0 ","  221,700.0 ",  52.0 ,"  1,987.0 ","  229,108.0 ",  8.8 ,  3.0 ,  981.0 ,  -   ,  7.0 ,  -   ,  -   ,"  3,984.0 ","  451,789.0 ",  60.8 
187,2017,DMM,"  25,763.0 ","  2,595,960.0 ","  11,319.8 ","  25,735.0 ","  2,572,790.0 ","  5,026.4 ","  19,834.0 ","  2,420,037.0 ","  68,687.2 ","  19,857.0 ","  2,561,042.0 ","  20,711.2 ","  91,189.0 ","  10,149,829.0 ","  105,744.6 "
188,2017,DWD,  237.0 ,"  14,920.0 ",  351.4 ,  235.0 ,"  15,585.0 ",  330.7 ,,,,  2.0 ,  -   ,  20.0 ,  474.0 ,"  30,505.0 ",  702.1 
189,2017,EAM,  60.0 ,  416.0 ,  -   ,  61.0 ,  603.0 ,  -   ,,,,,,,  121.0 ,"  1,019.0 ",  -   
190,2017,EJH,  547.0 ,"  26,899.0 ",  2.4 ,  553.0 ,"  28,821.0 ",  2.3 ,  14.0 ,  21.0 ,  -   ,  7.0 ,  -   ,  -   ,"  1,121.0 ","  55,741.0 ",  4.7 
191,2017,ELQ,"  4,186.0 ","  423,912.0 ","  8,945.9 ","  4,184.0 ","  432,999.0 ","  8,977.1 ","  3,647.0 ","  376,060.0 ",  799.8 ,"  3,646.0 ","  417,214.0 ",  892.4 ,"  15,663.0 ","  1,650,185.0 ","  19,615.2 "
192,2017,GIZ,"  8,376.0 ","  933,749.0 ",  336.0 ,"  8,342.0 ","  955,267.0 ",  541.8 ,  860.0 ,"  87,317.0 ",  -   ,  862.0 ,"  101,569.0 ",  -   ,"  18,440.0 ","  2,077,902.0 ",  877.8 
193,2017,HAS,"  6,261.0 ","  428,657.0 ",  754.8 ,"  6,185.0 ","  426,446.0 ",  639.9 ,  779.0 ,"  77,613.0 ",  138.1 ,  790.0 ,"  91,297.0 ",  140.1 ,"  14,015.0 ","  1,024,013.0 ","  1,672.9 "
194,2017,HOF,"  3,084.0 ","  63,465.0 ",  19.6 ,"  3,089.0 ","  102,559.0 ",  32.1 ,  597.0 ,"  43,818.0 ",  19.9 ,  597.0 ,"  43,426.0 ",  19.9 ,"  7,367.0 ","  253,268.0 ",  91.5 
195,2017,JED,"  46,074.0 ","  5,947,047.0 ","  20,627.3 ","  44,714.0 ","  5,871,497.0 ","  29,135.9 ","  67,783.0 ","  10,629,983.0 ","  218,147.5 ","  69,236.0 ","  11,725,411.0 ","  114,200.5 ","  227,807.0 ","  34,173,938.0 ","  382,111.2 "
196,2017,MED,"  10,048.0 ","  1,133,308.0 ",,"  11,753.0 ","  1,209,758.0 ",,"  18,977.0 ","  3,094,385.0 ",,"  17,267.0 ","  2,367,844.0 ",,"  58,045.0 ","  7,805,295.0 ",
197,2017,RAE,"  1,470.0 ","  142,228.0 ",  97.8 ,"  1,470.0 ","  143,650.0 ",  17.8 ,  4.0 ,  10.0 ,  -   ,  8.0 ,  38.0 ,  -   ,"  2,952.0 ","  285,926.0 ",  115.6 
198,2017,RAH,  666.0 ,"  42,662.0 ",  6.3 ,  666.0 ,"  46,383.0 ",  7.6 ,,,,,,,"  1,332.0 ","  89,045.0 ",  13.9 
199,2017,RGB,,,,,,,  20.0 ,  23.0 ,  -   ,  21.0 ,  19.0 ,  -   ,  41.0 ,  42.0 ,  -   
200,2017,RUH,"  55,188.0 ","  7,236,257.0 ","  16,050.2 ","  55,468.0 ","  7,198,679.0 ","  10,264.4 ","  46,586.0 ","  5,900,293.0 ","  160,139.9 ","  46,290.0 ","  6,043,563.0 ","  55,820.4 ","  203,532.0 ","  26,378,792.0 ","  242,274.9 "
201,2017,SHW,"  1,407.0 ","  131,576.0 ",  42.9 ,"  1,433.0 ","  128,733.0 ",  6.7 ,  3.0 ,  -   ,  -   ,  3.0 ,  -   ,  -   ,"  2,846.0 ","  260,309.0 ",  49.6 
202,2017,TIF,"  3,474.0 ","  345,678.0 ",  66.3 ,"  3,496.0 ","  342,717.0 ",  41.4 ,"  2,326.0 ","  208,402.0 ",  -   ,"  2,313.0 ","  198,852.0 ",  -   ,"  11,609.0 ","  1,095,649.0 ",  107.7 
203,2017,TUI,"  1,050.0 ","  50,635.0 ",  10.5 ,"  1,046.0 ","  52,433.0 ",  8.8 ,,,,  1.0 ,  -   ,  -   ,"  2,097.0 ","  103,068.0 ",  19.3 
204,2017,TUU,"  5,698.0 ","  598,223.0 ",  464.9 ,"  5,668.0 ","  596,809.0 ",  114.0 ,  911.0 ,"  93,371.0 ",  -   ,  913.0 ,"  105,726.0 ",  0.1 ,"  13,190.0 ","  1,394,129.0 ",  579.0 
205,2017,ULH,  367.0 ,"  12,118.0 ",  0.1 ,  362.0 ,"  13,025.0 ",  -   ,  14.0 ,  -   ,  -   ,  15.0 ,  -   ,  -   ,  758.0 ,"  25,143.0 ",  0.1 
206,2017,URY,"  1,523.0 ","  114,262.0 ",  95.9 ,"  1,540.0 ","  122,358.0 ",  20.1 ,  3.0 ,  38.0 ,  -   ,  2.0 ,  32.0 ,  -   ,"  3,068.0 ","  236,690.0 ",  116.0 
207,2017,WAE,  929.0 ,"  65,542.0 ","  1,507.6 ",  920.0 ,"  73,623.0 ","  1,458.7 ",  6.0 ,  -   ,  69.8 ,  10.0 ,  -   ,  94.9 ,"  1,865.0 ","  139,165.0 ","  3,131.0 "
208,2017,YNB,"  2,328.0 ","  207,574.0 ",  19.6 ,"  2,323.0 ","  214,846.0 ",  6.6 ,"  1,662.0 ","  166,359.0 ",  -   ,"  1,662.0 ","  172,444.0 ",  -   ,"  7,975.0 ","  761,223.0 ",  26.2 
209,2018,ABT,2243.0,235847.0,0.0,2242.0,240210.0,0.0,,,,,,,4485.0,476057.0,0.0
210,2018,AHB,18285.0,1986865.0,0.0,18280.0,2018351.0,0.0,2191.0,233076.0,0.0,2199.0,259917.0,0.0,40955.0,4498209.0,0.0
211,2018,AJF,2304.0,238474.0,0.0,2292.0,243476.0,0.0,614.0,50955.0,0.0,629.0,61436.0,0.0,5839.0,594341.0,0.0
212,2018,AQI,1771.0,142581.0,29.0,1776.0,150226.0,35.4,13.0,0.0,6.4,8.0,0.0,0.0,3568.0,292807.0,70.80000000000001
213,2018,BHH,1944.0,230868.0,0.0,1946.0,243018.0,0.0,1.0,0.0,0.0,1.0,5.0,0.0,3892.0,473891.0,0.0
214,2018,DMM,26401.0,2766651.0,11132.8,26522.0,2776042.0,3740.4,20261.0,2350707.0,82908.6,20193.0,2561513.0,17948.3,93377.0,10454913.0,115730.1
215,2018,DWD,303.0,16682.0,516.7,303.0,17852.0,523.6,13.0,0.0,9.9,13.0,2.0,4.0,632.0,34536.0,1054.2000000000005
216,2018,EAM,67.0,418.0,0.0,84.0,589.0,0.0,7.0,114.0,0.0,2.0,12.0,0.0,160.0,1133.0,0.0
217,2018,EJH,812.0,27183.0,0.0,813.0,28621.0,0.0,53.0,8.0,0.0,52.0,10.0,0.0,1730.0,55822.0,0.0
218,2018,ELQ,4834.0,469308.0,8591.3,4838.0,479079.0,8873.4,3317.0,316809.0,1414.8,3314.0,369915.0,1118.8,16303.0,1635111.0,19998.3
219,2018,GIZ,10787.0,1202520.0,0.0,10768.0,1239878.0,0.0,821.0,79874.0,0.0,843.0,102180.0,0.0,23219.0,2624452.0,0.0
220,2018,HAS,8140.0,534963.0,150.6,8171.0,542738.0,150.2,890.0,78997.0,0.0,900.0,96208.0,0.0,18101.0,1252906.0,300.79999999999995
221,2018,HOF,3056.0,66652.0,25.0,3057.0,73397.0,15.7,178.0,15410.0,7.0,178.0,15845.0,7.0,6469.0,171304.0,54.7
222,2018,JED,48021.0,6586645.0,8909.2,46389.0,6336083.0,24207.5,69516.0,10772800.0,211329.0,71137.0,12311381.0,109315.7,235063.0,36006909.0,353761.4
223,2018,MED,10521.0,1163323.0,,13203.0,1322617.0,,19808.0,3235944.0,,17133.0,2422906.0,,60665.0,8144790.0,
224,2018,RAE,1710.0,170322.0,30.1,1703.0,175750.0,5.2,,,,4.0,28.0,0.0,3417.0,346100.0,35.300000000000004
225,2018,RAH,592.0,43562.0,0.0,619.0,46480.0,0.0,1.0,0.0,0.0,,,,1212.0,90042.0,0.0
226,2018,RGB,,,,,,,25.0,43.0,0.0,25.0,50.0,0.0,50.0,93.0,0.0
227,2018,RUH,56612.0,7814427.0,16991.6,56744.0,7709819.0,7910.6,47626.0,6172594.0,154557.5,47763.0,6429791.0,54569.2,208745.0,28126631.0,234028.9
228,2018,SHW,1478.0,137930.0,0.0,1478.0,135893.0,0.0,,,,1.0,7.0,,2957.0,273830.0,0.0
229,2018,TIF,3562.0,388317.0,0.0,3554.0,381411.0,0.0,1833.0,199452.0,0.0,1841.0,204733.0,0.0,10790.0,1173913.0,0.0
230,2018,TUI,856.0,52585.0,0.1,855.0,53939.0,0.1,4.0,0.0,0.0,6.0,8.0,0.0,1721.0,106532.0,0.2
231,2018,TUU,6228.0,687884.0,0.1,6644.0,725912.0,0.1,783.0,84472.0,0.0,782.0,91020.0,0.0,14437.0,1589288.0,0.2
232,2018,ULH,547.0,16808.0,0.0,544.0,17119.0,0.0,11.0,104.0,0.0,11.0,198.0,0.0,1113.0,34229.0,0.0
233,2018,URY,1505.0,123588.0,0.0,1520.0,134712.0,0.0,1.0,5.0,0.0,,,,3026.0,258305.0,0.0
234,2018,WAE,972.0,71924.0,1343.4,960.0,82038.0,1208.9,12.0,0.0,95.3,24.0,0.0,229.8,1968.0,153962.0,2877.4000000000005
235,2018,YNB,2332.0,225989.0,0.0,2338.0,236109.0,0.0,1417.0,152941.0,0.0,1414.0,154398.0,0.0,7501.0,769437.0,0.0
236,2019,ABT,2068.0,218994.0,0.0,2068.0,222607.0,0.0,,,,,,,4136.0,441601.0,0.0
237,2019,AHB,15787.0,1969418.0,0.0,15788.0,1953846.0,0.0,1721.0,225342.0,0.0,1731.0,219547.0,0.0,35027.0,4368153.0,0.0
238,2019,AJF,2137.0,235568.0,0.0,2132.0,237770.0,0.0,504.0,62677.0,0.0,503.0,59328.0,0.0,5276.0,595343.0,0.0
239,2019,AQI,1657.0,157691.0,0.0,1659.0,164200.0,0.0,7.0,0.0,0.0,5.0,0.0,0.0,3328.0,321891.0,0.0
240,2019,BHH,1973.0,235505.0,0.0,1973.0,240571.0,0.0,,,,,,,3946.0,476076.0,0.0
241,2019,DMM,28786.0,3152291.0,9090.5,28749.0,3168537.0,3053.4,18613.0,2453865.0,53221.1,18642.0,2393690.0,11763.0,94790.0,11168383.0,77128.0
242,2019,DWD,247.0,18035.0,284.6,246.0,19722.0,276.8,1.0,0.0,16.0,,,,494.0,37757.0,577.4000000000001
243,2019,EAM,793.0,105014.0,0.0,797.0,106804.0,0.0,3.0,122.0,0.0,2.0,104.0,,1595.0,212044.0,0.0
244,2019,EJH,680.0,29900.0,0.0,672.0,30205.0,0.0,92.0,2.0,0.0,100.0,1.0,0.0,1544.0,60108.0,0.0
245,2019,ELQ,4533.0,485164.0,0.0,4535.0,492926.0,0.0,3042.0,340610.0,0.0,3041.0,334003.0,0.0,15151.0,1652703.0,0.0
246,2019,GIZ,10795.0,1333159.0,0.0,10797.0,1358099.0,0.0,556.0,71403.0,0.0,554.0,74151.0,0.0,22702.0,2836812.0,0.0
247,2019,HAS,5489.0,452825.0,0.0,5469.0,459710.0,0.0,711.0,85931.0,0.0,729.0,80003.0,0.0,12398.0,1078469.0,0.0
248,2019,HOF,3262.0,75404.0,3.0,3247.0,79751.0,3.0,219.0,11677.0,0.0,234.0,12767.0,0.0,6962.0,179599.0,6.0
249,2019,JED,53385.0,7133625.0,8075.9,51994.0,7040227.0,27373.0,67625.0,11237016.0,205733.8,68936.0,12129993.0,125771.3,241940.0,37540861.0,366954.0
250,2019,MED,11048.0,1223932.0,,13012.0,1376222.0,,19255.0,3321752.0,,17289.0,2462067.0,,60604.0,8383973.0,
251,2019,NUM,,,,,,,367.0,2460.0,0.0,373.0,2851.0,0.0,740.0,5311.0,0.0
252,2019,RAE,1652.0,172527.0,0.0,1649.0,173097.0,0.0,13.0,10.0,0.0,18.0,130.0,0.0,3332.0,345764.0,0.0
253,2019,RAH,473.0,44569.0,0.0,473.0,46188.0,0.0,,,,,,,946.0,90757.0,0.0
254,2019,RGB,,,,,,,17.0,31.0,0.0,17.0,46.0,0.0,34.0,77.0,0.0
255,2019,RUH,62533.0,8453790.0,19700.5,62031.0,8217263.0,5455.2,43561.0,6285616.0,150832.8,44038.0,6127569.0,43085.0,212163.0,29084238.0,219073.5
256,2019,SHW,1369.0,131850.0,0.0,1368.0,127920.0,0.0,1.0,62.0,0.0,2.0,62.0,0.0,2740.0,259894.0,0.0
257,2019,TIF,3870.0,413195.0,0.0,3850.0,400778.0,0.0,1558.0,185598.0,0.0,1577.0,174675.0,0.0,10855.0,1174246.0,0.0
258,2019,TUI,753.0,51590.0,0.0,754.0,53081.0,0.0,3.0,0.0,0.0,2.0,7.0,0.0,1512.0,104678.0,0.0
259,2019,TUU,7192.0,796108.0,0.0,7182.0,804891.0,0.0,811.0,92657.0,0.0,829.0,93304.0,0.0,16014.0,1786960.0,0.0
260,2019,ULH,700.0,29642.0,0.0,707.0,29388.0,0.0,120.0,966.0,0.0,111.0,1142.0,0.0,1638.0,61138.0,0.0
261,2019,URY,1260.0,118392.0,0.0,1258.0,124589.0,0.0,1.0,4.0,0.0,1.0,9.0,0.0,2520.0,242994.0,0.0
262,2019,WAE,899.0,73301.0,760.5,892.0,78277.0,707.3,7.0,0.0,83.5,11.0,0.0,136.7,1809.0,151578.0,1688.0
263,2019,YNB,2380.0,218837.0,0.0,2392.0,224547.0,0.0,1062.0,132785.0,0.0,1050.0,120493.0,0.0,6884.0,696662.0,0.0
264,2020,ABT,"  1,160.0 ","  99,491.0 ",  -   ,"  1,160.0 ","  102,517.0 ",  -   , - , - , - , - , - , - ,"  2,320.0 ","  202,008.0 ",  -   
265,2020,AHB,"  7,811.0 ","  874,128.0 ",  -   ,"  7,769.0 ","  887,906.0 ",  -   ,  328.0 ,"  36,764.0 ",  -   ,  368.0 ,"  50,698.0 ",  -   ,"  16,276.0 ","  1,849,496.0 ",  -   
266,2020,AJF,"  1,117.0 ","  109,775.0 ",  -   ,"  1,124.0 ","  112,273.0 ",  -   ,  183.0 ,"  19,579.0 ",  -   ,  180.0 ,"  21,523.0 ",  -   ,"  2,604.0 ","  263,150.0 ",  -   
267,2020,AQI,  645.0 ,"  55,569.0 ",  -   ,  648.0 ,"  56,832.0 ",  -   ,  7.0 ,  37.0 ,  -   ,  4.0 ,  -   ,  -   ,"  1,304.0 ","  112,438.0 ",  -   
268,2020,BHH,  930.0 ,"  96,846.0 ",  -   ,  930.0 ,"  100,954.0 ",  -   ,  4.0 ,  3.0 ,  -   ,  4.0 ,  6.0 ,  -   ,"  1,868.0 ","  197,809.0 ",  -   
269,2020,DMM,"  16,928.0 ","  1,382,559.0 ","  3,467.4 ","  16,817.0 ","  1,340,700.0 ","  1,856.4 ","  6,888.0 ","  680,459.0 ","  21,354.4 ","  7,000.0 ","  833,904.0 ","  4,799.8 ","  47,633.0 ","  4,237,622.0 ","  31,478.0 "
270,2020,DWD,  102.0 ,"  4,692.0 ",  166.7 ,  101.0 ,"  4,581.0 ",  154.2 , - , - , - ,  1.0 ,  -   ,  12.5 ,  204.0 ,"  9,273.0 ",  333.4 
271,2020,EAM,"  1,515.0 ","  149,575.0 ",  -   ,"  1,510.0 ","  154,661.0 ",  -   ,  2.0 ,  208.0 , - ,  7.0 ,  350.0 ,  -   ,"  3,034.0 ","  304,794.0 ",  -   
272,2020,EJH,  271.0 ,"  10,224.0 ",  140.7 ,  268.0 ,"  10,980.0 ",  -   ,  50.0 ,  1.0 ,  -   ,  53.0 ,  1.0 ,  -   ,  642.0 ,"  21,206.0 ",  140.7 
273,2020,ELQ,"  1,691.0 ","  152,321.0 ",  -   ,"  1,706.0 ","  150,701.0 ",  -   ,  842.0 ,"  85,157.0 ",  -   ,  827.0 ,"  89,766.0 ",  -   ,"  5,066.0 ","  477,945.0 ",  -   
274,2020,GIZ,"  6,586.0 ","  646,436.0 ",  -   ,"  6,589.0 ","  663,768.0 ",  -   ,  162.0 ,"  17,088.0 ",  -   ,  162.0 ,"  20,345.0 ",  -   ,"  13,499.0 ","  1,347,637.0 ",  -   
275,2020,HAS,"  1,669.0 ","  153,204.0 ",  -   ,"  1,674.0 ","  155,724.0 ",  -   ,  213.0 ,"  18,745.0 ",  -   ,  226.0 ,"  21,922.0 ",  -   ,"  3,782.0 ","  349,595.0 ",  -   
276,2020,HOF,"  2,877.0 ","  46,104.0 ",  -   ,"  2,874.0 ","  46,691.0 ",  -   ,  64.0 ,"  1,968.0 ",  -   ,  67.0 ,"  1,904.0 ",  -   ,"  5,882.0 ","  96,667.0 ",  -   
277,2020,JED,"  27,055.0 ","  2,991,653.0 ","  8,633.8 ","  26,742.0 ","  3,028,001.0 ","  15,879.6 ","  20,976.0 ","  2,737,768.0 ","  106,189.6 ","  21,268.0 ","  3,429,989.0 ","  62,696.7 ","  96,041.0 ","  12,187,411.0 ","  193,399.7 "
278,2020,MED,"  5,077.0 ","  464,024.0 ", - ,"  5,507.0 ","  502,230.0 ", - ,"  4,145.0 ","  705,265.0 ", - ,"  3,721.0 ","  576,386.0 ", - ,"  18,450.0 ","  2,247,905.0 ", - 
279,2020,NUM, - , - , - , - , - , - ,  382.0 ,"  2,939.0 ",  -   ,  384.0 ,"  2,122.0 ",  -   ,  766.0 ,"  5,061.0 ",  -   
280,2020,RAE,"  1,177.0 ","  89,997.0 ",  -   ,"  1,180.0 ","  91,605.0 ",  -   ,  3.0 ,  -   ,  -   ,  3.0 ,  4.0 ,  -   ,"  2,363.0 ","  181,606.0 ",  -   
281,2020,RAH,  211.0 ,"  21,198.0 ",  -   ,  211.0 ,"  21,397.0 ",  -   , - , - , - , - , - , - ,  422.0 ,"  42,595.0 ",  -   
282,2020,RGB, - , - , - , - , - , - ,  7.0 ,  19.0 ,  -   ,  6.0 ,  8.0 ,  -   ,  13.0 ,  27.0 ,  -   
283,2020,RUH,"  34,108.0 ","  3,924,599.0 ","  12,320.3 ","  33,518.0 ","  3,690,087.0 ","  6,738.0 ","  17,569.0 ","  1,749,274.0 ","  107,458.0 ","  18,137.0 ","  2,039,841.0 ","  25,614.3 ","  103,332.0 ","  11,403,801.0 ","  152,130.6 "
284,2020,SHW,  773.0 ,"  58,024.0 ",  -   ,  773.0 ,"  56,720.0 ",  -   , - , - , - , - , - , - ,"  1,546.0 ","  114,744.0 ",  -   
285,2020,TIF,"  2,061.0 ","  190,531.0 ",  -   ,"  2,062.0 ","  193,633.0 ",  -   ,  364.0 ,"  39,527.0 ",  -   ,  364.0 ,"  39,611.0 ",  -   ,"  4,851.0 ","  463,302.0 ",  -   
286,2020,TUI,  342.0 ,"  21,405.0 ",  -   ,  342.0 ,"  21,887.0 ",  -   , - , - , - , - , - , - ,  684.0 ,"  43,292.0 ",  -   
287,2020,TUU,"  3,623.0 ","  361,960.0 ",  -   ,"  3,787.0 ","  377,687.0 ",  -   ,  243.0 ,"  21,955.0 ",  -   ,  279.0 ,"  29,773.0 ",  -   ,"  7,932.0 ","  791,375.0 ",  -   
288,2020,ULH,  589.0 ,"  23,325.0 ",  -   ,  584.0 ,"  23,179.0 ",  -   ,  146.0 ,"  1,277.0 ",  -   ,  151.0 ,  997.0 ,  -   ,"  1,470.0 ","  48,778.0 ",  -   
289,2020,URY,  594.0 ,"  50,595.0 ",  -   ,  631.0 ,"  52,486.0 ",  -   , - , - , - , - , - , - ,"  1,225.0 ","  103,081.0 ",  -   
290,2020,WAE,  416.0 ,"  26,293.0 ",  849.9 ,  407.0 ,"  27,353.0 ",  853.1 ,  8.0 ,  -   ,  20.9 ,  17.0 ,  2.0 ,  50.0 ,  848.0 ,"  53,648.0 ","  1,773.9 "
291,2020,YNB,"  1,067.0 ","  82,873.0 ",  0.3 ,"  1,067.0 ","  82,407.0 ",  -   ,  308.0 ,"  37,949.0 ",  -   ,  308.0 ,"  43,987.0 ",  -   ,"  2,750.0 ","  247,216.0 ",  0.3 
292,2021,ABT,1439,123634,0.0,1439,129982,0.0,0,0,0.0,0,0,0.0,2878,253616,0.0
293,2021,AHB,11180,1170514,148.9,11123,1195134,229.6,131,7648,0.0,183,19180,0.9,22617,2392476,379.4
294,2021,AJF,1778,155237,0.0,1785,166506,0.0,189,15094,0.0,185,23075,0.0,3937,359912,0.0
295,2021,AQI,1114,86092,0.0,1114,90452,0.0,0,0,0.0,0,0,0.0,2228,176544,0.0
296,2021,BHH,1522,134988,0.0,1520,145158,0.0,1,0,0.0,0,0,0.0,3043,280146,0.0
297,2021,DMM,21251,1741588,4241.1,21276,1741180,1693.8,9122,966102,29448.5,9093,1046220,12570.7,60742,5495090,47954.1
298,2021,DWD,191,5338,81.7,190,5553,81.7,0,0,0.0,0,0,0.0,381,10891,163.4
299,2021,EAM,2559,238356,0.0,2558,247923,0.0,0,0,0.0,0,0,0.0,5117,486279,0.0
300,2021,EJH,587,18159,0.0,579,18835,0.0,54,32,0.0,62,30,0.0,1282,37056,0.0
301,2021,ELQ,2638,216850,5.6,2636,227946,2.2,617,46599,0.2,620,66084,0.0,6511,557479,8.0
302,2021,GIZ,9066,775537,0.0,9064,803882,0.0,49,3127,0.0,50,4530,0.0,18229,1587076,0.0
303,2021,HAS,2515,197635,0.0,2522,214259,0.0,148,9189,0.0,152,12769,0.0,5337,433852,0.0
304,2021,HOF,2722,49799,0.1,2725,49632,1.5,18,1121,0.0,14,549,0.0,5479,101101,1.6
305,2021,JED,39013,4107189,12774.0,38789,4052443,21600.9,20801,2353135,105085.2,20997,2492949,62697.3,119600,13005716,202157.4
306,2021,MED,7024,573690,0.0,7100,592662,0.0,2171,235567,0.0,2093,225469,0.0,18388,1627388,0.0
307,2021,NUM,478,2788,0.0,483,3540,0.0,36,0,0.0,53,0,0.0,1050,6328,0.0
308,2021,RAE,1275,108325,0.0,1283,115817,0.0,1,11,0.0,1,1,0.0,2560,224154,0.0
309,2021,RAH,302,26964,0.0,303,29278,0.0,0,0,0.0,0,0,0.0,605,56242,0.0
310,2021,RGB,13,56,0.0,13,57,0.0,0,0,0.0,0,0,0.0,26,113,0.0
311,2021,RUH,46682,5118913,18570.4,46870,5007120,11550.5,23217,2541097,129367.0,23035,2761459,34857.9,139804,15428589,194345.8
312,2021,SHW,1059,76032,0.0,1064,75296,0.0,5,40,0.0,0,0,0.0,2128,151368,0.0
313,2021,TIF,2745,248312,3.7,2744,246653,1.2,159,12509,0.0,159,19508,0.0,5807,526982,4.9
314,2021,TUI,425,27103,0.1,423,28584,0.2,0,0,0.0,0,0,0.0,848,55687,0.3
315,2021,TUU,5176,467846,0.0,5375,500136,0.0,172,15188,0.0,243,30782,0.0,10966,1013952,0.0
316,2021,ULH,1081,36936,0.0,1080,35859,0.0,66,794,0.0,65,535,0.0,2292,74124,0.0
317,2021,URY,903,73964,0.0,932,84233,0.0,1,0,0.0,0,0,0.0,1836,158197,0.0
318,2021,WAE,530,32517,0.0,530,35714,0.0,0,0,0.0,0,0,0.0,1060,68231,0.0
319,2021,YNB,1423,95849,0.2,1420,100613,0.3,120,11613,0.0,123,12851,0.0,3086,220926,0.5
